{
    "loss": 0.23328955471515656,
    "accuracy": 0.8819444179534912
}