{
    "loss": 0.17265218496322632,
    "accuracy": 0.8627451062202454
}