{
    "loss": 0.260166198015213,
    "accuracy": 0.8823529481887817
}