{
    "loss": 0.1786864995956421,
    "accuracy": 0.9652777910232544
}