{
    "loss": 0.28975990414619446,
    "accuracy": 0.8819444179534912
}